{
  "config": {
    "chem": {
      "point_group": "d2h"
    },
    "eps_vars": [
      5e-05,
      2e-05,
      1e-05,
      8e-06,
      5e-06
    ],
    "eps_vars_schedule": [
      0.002,
      0.001,
      0.0005,
      0.0002,
      0.0001
    ],
    "n_dn": 4,
    "n_up": 4,
    "system": "chem"
  },
  "energy_hf": -13.300868158371692,
  "energy_total": {
    "1.00e-05": {
      "1.00e-08": {
        "uncert": 2.3937437841796704e-07,
        "value": -13.504901237642983
      }
    },
    "2.00e-05": {
      "2.00e-08": {
        "uncert": 3.995679757881618e-07,
        "value": -13.50489556503742
      }
    },
    "5.00e-05": {
      "5.00e-08": {
        "uncert": 1.4277122304928355e-06,
        "value": -13.504875363287994
      }
    },
    "5.00e-06": {
      "5.00e-09": {
        "uncert": 1.2806058306364353e-07,
        "value": -13.504904610072797
      }
    },
    "8.00e-06": {
      "8.00e-09": {
        "uncert": 2.0159729052892488e-07,
        "value": -13.504902657374814
      }
    }
  },
  "energy_var": {
    "1.00e-05": -13.504781006915128,
    "2.00e-05": -13.504658934410557,
    "5.00e-05": -13.504288869894154,
    "5.00e-06": -13.504847160321855,
    "8.00e-06": -13.504807001661026
  },
  "n_elecs": 8
}
