{
  "config": {
    "chem": {
      "point_group": "d2h"
    },
    "eps_vars": [
      5e-05,
      2e-05,
      1e-05,
      8e-06,
      5e-06
    ],
    "eps_vars_schedule": [
      0.002,
      0.001,
      0.0005,
      0.0002,
      0.0001
    ],
    "n_dn": 4,
    "n_up": 4,
    "system": "chem"
  },
  "energy_hf": -13.30086815837176,
  "energy_var": {
    "1.00e-05": -13.519314427154098,
    "2.00e-05": -13.519074771553163,
    "5.00e-05": -13.518380817203642,
    "8.00e-06": -13.519361940043312
  },
  "n_elecs": 8
}
