{
  "config": {
    "chem": {
      "point_group": "dih"
    },
    "eps_vars": [
      5e-05,
      2e-05,
      1e-05
    ],
    "eps_vars_schedule": [
      0.002,
      0.001,
      0.0005,
      0.0002,
      0.0001
    ],
    "n_dn": 4,
    "n_up": 4,
    "system": "chem"
  },
  "energy_hf": -10.63506156112346,
  "energy_total": {
    "1.00e-05": {
      "1.00e-08": {
        "uncert": 3.812736324363568e-07,
        "value": -10.856019704560673
      }
    },
    "2.00e-05": {
      "2.00e-08": {
        "uncert": 6.845421767915994e-07,
        "value": -10.856002922445604
      }
    },
    "5.00e-05": {
      "5.00e-08": {
        "uncert": 2.5533832288126922e-06,
        "value": -10.85593281316278
      }
    }
  },
  "energy_var": {
    "1.00e-05": -10.85579529250022,
    "2.00e-05": -10.855537868615212,
    "5.00e-05": -10.854695130502355
  },
  "n_elecs": 8
}
