{
  "config": {
    "chem": {
      "point_group": "C1"
    },
    "eps_vars": [
      5e-05,
      2e-05,
      1e-05,
      8e-06,
      5e-06
    ],
    "eps_vars_schedule": [
      0.002,
      0.001,
      0.0005,
      0.0002,
      0.0001
    ],
    "n_dn": 4,
    "n_up": 4,
    "system": "chem"
  },
  "energy_hf": -10.63506156112346,
  "energy_var": {
    "5.00e-05": -10.854695130502355
  },
  "n_elecs": 8
}
