{
  "config": {
    "chem": {
      "point_group": "dih"
    },
    "eps_vars": [
      5e-05,
      2e-05,
      1e-05
    ],
    "eps_vars_schedule": [
      0.002,
      0.001,
      0.0005,
      0.0002,
      0.0001
    ],
    "n_dn": 4,
    "n_up": 4,
    "system": "chem"
  },
  "energy_hf": -9.247232478247081,
  "energy_total": {
    "1.00e-05": {
      "1.00e-08": {
        "uncert": 2.3760147319487264e-07,
        "value": -9.566318043189408
      }
    },
    "2.00e-05": {
      "2.00e-08": {
        "uncert": 4.374403595739921e-07,
        "value": -9.566308093849258
      }
    },
    "5.00e-05": {
      "5.00e-08": {
        "uncert": 2.544145358195885e-06,
        "value": -9.525466397976547
      }
    }
  },
  "energy_var": {
    "1.00e-05": -9.566242720454067,
    "2.00e-05": -9.566147892065521,
    "5.00e-05": -9.524723227938924
  },
  "n_elecs": 8
}
