{
  "config": {
    "chem": {
      "point_group": "d2h"
    },
    "eps_vars": [
      5e-05,
      2e-05,
      1e-05
    ],
    "eps_vars_schedule": [
      0.002,
      0.001,
      0.0005,
      0.0002,
      0.0001
    ],
    "n_dn": 4,
    "n_up": 4,
    "system": "chem"
  },
  "energy_hf": -13.30086815837176,
  "energy_total": {
    "1.00e-05": {
      "1.00e-08": {
        "uncert": 3.598664923159033e-07,
        "value": -13.519555663463477
      }
    },
    "2.00e-05": {
      "2.00e-08": {
        "uncert": 5.960186216646523e-07,
        "value": -13.519543913044412
      }
    },
    "5.00e-05": {
      "5.00e-08": {
        "uncert": 2.089092176401279e-06,
        "value": -13.519505934884442
      }
    }
  },
  "energy_var": {
    "1.00e-05": -13.519314427154123,
    "2.00e-05": -13.519074771553163,
    "5.00e-05": -13.518380817203642
  },
  "n_elecs": 8
}
