{
  "config": {
    "chem": {
      "point_group": "dih"
    },
    "eps_vars": [
      5e-05,
      2e-05,
      1e-05,
      8e-06,
      5e-06
    ],
    "eps_vars_schedule": [
      0.002,
      0.001,
      0.0005,
      0.0002,
      0.0001
    ],
    "n_dn": 4,
    "n_up": 4,
    "system": "chem"
  },
  "energy_hf": -9.247232478247088,
  "energy_var": {
    "5.00e-05": -9.530028306633351
  },
  "n_elecs": 8
}
