{
  "config": {
    "chem": {
      "point_group": "dih"
    },
    "eps_vars": [
      5e-05,
      2e-05,
      1e-05,
      8e-06,
      5e-06
    ],
    "eps_vars_schedule": [
      0.002,
      0.001,
      0.0005,
      0.0002,
      0.0001
    ],
    "n_dn": 4,
    "n_up": 4,
    "system": "chem"
  },
  "energy_hf": -10.635061561123457,
  "energy_total": {
    "2.00e-05": {
      "2.00e-08": {
        "uncert": 5.450400704952727e-07,
        "value": -10.846397147102213
      }
    },
    "5.00e-05": {
      "5.00e-08": {
        "uncert": 2.141786435715864e-06,
        "value": -10.84634882773194
      }
    }
  },
  "energy_var": {
    "1.00e-05": -10.84628940373664,
    "2.00e-05": -10.846137043471577,
    "5.00e-05": -10.845603262721141,
    "5.00e-06": -10.84636042247381,
    "8.00e-06": -10.846318062003622
  },
  "n_elecs": 8
}
