{
  "config": {
    "chem": {
      "point_group": "dih"
    },
    "eps_vars": [
      5e-05,
      2e-05,
      1e-05,
      8e-06,
      5e-06
    ],
    "eps_vars_schedule": [
      0.002,
      0.001,
      0.0005,
      0.0002,
      0.0001
    ],
    "n_dn": 4,
    "n_up": 4,
    "system": "chem"
  },
  "energy_hf": -10.635061561123457,
  "energy_total": {
    "1.00e-05": {
      "1.00e-08": {
        "uncert": 3.1613819155558567e-07,
        "value": -10.84640872881177
      }
    },
    "2.00e-05": {
      "2.00e-08": {
        "uncert": 5.450400704951949e-07,
        "value": -10.846397147102214
      }
    },
    "5.00e-05": {
      "5.00e-08": {
        "uncert": 2.141786435715864e-06,
        "value": -10.84634882773194
      }
    },
    "5.00e-06": {
      "5.00e-09": {
        "uncert": 1.4987736815552067e-07,
        "value": -10.846413723326423
      }
    },
    "8.00e-06": {
      "8.00e-09": {
        "uncert": 2.501764506222789e-07,
        "value": -10.846410656493061
      }
    }
  },
  "energy_var": {
    "1.00e-05": -10.846289403736579,
    "2.00e-05": -10.846137043471579,
    "5.00e-05": -10.845603262721141,
    "5.00e-06": -10.84636042247378,
    "8.00e-06": -10.84631806200365
  },
  "n_elecs": 8
}
